idx,kappa,abs_kappa,angle_sim_vs_ea,angle_euc_vs_ea,sim_second_norm,ea_second_norm
0,-2.9357189841028855,2.9357189841028855,1.9074597317987392,86.9852057879911,17.192817209007682,26.97572715655985
1,-4.109886166426038,4.109886166426038,0.3168501905122518,89.5770847753507,262.75937218379573,248.1099466613279
2,-6.412913201776044,6.412913201776044,3.232753413607322,85.49321366427014,7.764747877099638,24.308027814534658
3,3.450032911050601e-11,3.450032911050601e-11,0.0,166.03839145228028,3.2184835572130654e+21,81692817109.9005
4,-9.116292326347521,9.116292326347521,3.839267334106166,84.39539857981688,3.3214024800312965,20.917074017955862
5,0.8912177002649678,0.8912177002649678,0.21363349186737232,89.68106944202869,539.5346555958496,165.68461729739332
6,7.456803527766673,7.456803527766673,17.07383121671845,67.97782821802356,1.6597439370498055,5.281979234755812
7,-1.7993630820460502,1.7993630820460502,0.12124417334437536,89.73982241510186,239.1709335219416,273.9557711426211
8,-0.6002270429876819,0.6002270429876819,0.10945330622576811,89.8704004396073,2812.287623099188,337.0474262616667
9,9.197812378367837,9.197812378367837,0.2883173396930567,89.56609392900359,106.68562560547501,346.2519554205948
10,3.596136000727613e-10,3.596136000727613e-10,0.0,138.358580305152,3.192484276374654e+22,220262268428.81543
11,-0.19648583601665467,0.19648583601665467,0.024112005247072493,89.94639198968147,9991.844178896155,624.9874105418361
12,5.380467122200153e-11,5.380467122200153e-11,0.0,164.74284462546544,1.871875243122164e+20,2131697632.7300694
13,-6.097037424845826,6.097037424845826,5.0103086912122174,82.34364245091326,3.6567011346457523,13.847407476649442
14,9.415606645831784e-11,9.415606645831784e-11,0.0,26.15035539191413,1.5225005367250815e+19,14613463785.623554
15,-16773.15542760022,16773.15542760022,5.602891583535051,2.41557617341215,1.2430308754523108e-05,27.352997331977896
16,-30.404701989664343,30.404701989664343,14.811191558758924,68.2147748153517,0.2537515921642052,8.240915064833283
17,-2.465080465111306,2.465080465111306,0.5939299207435691,89.0677027148281,81.91101783200104,88.18804607428879
18,6.8425456053566736,6.8425456053566736,18.300291647145624,65.47142175438492,1.3259230120617327,4.555666362244365
19,1161.8168733027544,1161.8168733027544,1.2074182697257333e-06,8.537736462515939e-07,0.0004854817392439683,10.512658575002943
20,0.8760413833131352,0.8760413833131352,0.16054876538542498,89.77354144692059,759.9883834367664,222.31087602640685
21,0.5332432282598736,0.5332432282598736,0.10193500418548322,89.89019575721335,522.4594673631096,447.94332130112787
22,6.127070543506425,6.127070543506425,3.9206924972224986,84.25485273743395,4.788448155077344,17.880390844649813
23,-69.10900535082077,69.10900535082077,32.52646057852961,37.87826917410341,0.039395729683846865,5.077430985518101
24,0.14648258280782037,0.14648258280782037,0.0038954460932993516,89.9761024199981,20929.72069584462,1337.372772140457
25,-51.115147757328714,51.115147757328714,3.65601025325871,86.97795658548918,0.16780481936130268,70.01319033032884
26,3.338313952403598e-11,3.338313952403598e-11,180.0,4.556554771171509,2.476090243267509e+21,48707282270.36971
27,-24.29258270832838,24.29258270832838,2.6934505206832737,81.58107170239207,0.41180278953840205,19.755218204433223
28,20.17051276897911,20.17051276897911,17.2289057493368,63.34583360563769,0.3005963406927579,6.053985862859265
29,-0.823232744453472,0.823232744453472,0.1748508199840368,89.8114135921499,9444.867214824164,294.6923139054912
30,304.7266268503416,304.7266268503416,14.512402814901792,16.429804303339427,0.0035770386533641044,7.431174896560997
31,-5.634665240108998,5.634665240108998,17.033230799133687,62.350325531952976,0.9614587699865583,3.8318934330929397
32,15.328290917019945,15.328290917019945,4.202302366462398,81.99038803828834,0.9881788867925668,17.876303665121767
33,8.7085691651502,8.7085691651502,4.042113540347592,84.45154579849843,3.935213256336481,20.6635141375859
34,19.880444155031594,19.880444155031594,5.8065371875785585,81.64200693747713,1.0678823776496011,18.315057900500104
35,-14.370949569541756,14.370949569541756,16.706038889066104,65.62661889676895,0.5534653981488613,5.994665793778577
36,1.2658911916043007,1.2658911916043007,0.06410062893622509,89.93486580904717,2604.3221995626373,760.684404367209
37,-0.29767090365650706,0.29767090365650706,5.441159056964643,82.64197525488909,99.6237838060213,5.202612979498687
38,4.509456779293981,4.509456779293981,1.7165953122108888,87.34151408865158,14.64256945791597,36.64080551133835
39,28.28975896214748,28.28975896214748,20.109013256353883,57.65931939227898,0.1664450513354825,5.691587021065646
40,7.478189606151256,7.478189606151256,1.4458251276863245,86.76973373942967,4.3985629068575225,35.164221739984605
41,-1.050602470584648,1.050602470584648,0.3101886818713673,89.64043040293024,905.6157065414379,157.25003934049272
42,3.410992421758737,3.410992421758737,1.312570578186749,88.49550360902278,102.44888590064224,58.4191919903954
43,-3.5491826462335986e-12,3.5491826462335986e-12,180.0,167.59438564902175,2.4750909766833656e+19,1970732380.3276553
44,-3.305826672130979e-11,3.305826672130979e-11,180.0,9.514789516568344,1.1361914738677711e+21,159028312957.92538
45,-6.276313944945311,6.276313944945311,5.2886682654896005,81.91842438691688,3.1565071852269093,12.961408317520945
46,-0.6206883614787335,0.6206883614787335,0.12362042030496863,89.88384024715714,360.75927764275656,369.53928425998595
47,5.051850377404264e-12,5.051850377404264e-12,0.0,1.712442344230481,9.638636293212617e+21,32951812485.239594
48,9.933217495955128,9.933217495955128,10.601817037241828,72.88978709839122,0.8969298717064826,7.333155149391238
49,170.8440166771994,170.8440166771994,20.70152384880894,60.560299947708124,0.04387397885428589,11.68453705914588
50,-1.7838138103302408,1.7838138103302408,0.10649084809259925,89.78445404748595,181.52251723258644,245.1609761366466
51,3.147103290544021,3.147103290544021,0.26910588886407455,89.31424086029855,19.010554509858064,121.93646931482087
52,11.651666812670266,11.651666812670266,4.8991544306068215,2.3893138708227104,0.08647076949755754,2.26880649601051
53,0.03357048689008515,0.03357048689008515,179.97880632874399,89.98249254115414,499725.47034779773,1039.6424910714375
54,-5.143092956283172,5.143092956283172,3.212116473966683,85.09664266438212,7.10891970441805,20.71733528687041
55,5.54673498591343,5.54673498591343,4.267115731988676,88.4908833313773,1.815232145075132,70.79805166214265
56,-8.887890476760049e-12,8.887890476760049e-12,179.99999879258172,167.92008125333723,5.806428619318282e+20,41876431978.4347
57,3.141629894615105,3.141629894615105,0.04344770970052298,89.95062822117917,9669.201741255301,1851.0506084607935
58,8.17939514246092,8.17939514246092,0.30287657472549756,89.6377571595757,158.0886716166452,332.5086837881934
59,-8.452016022907468e-11,8.452016022907468e-11,0.0,165.08967340132287,4.502097580165901e+22,442092196360.3415
60,6.072518628150764,6.072518628150764,16.527026502013513,56.955092263488126,0.5785964025439404,3.344171150998181
61,2.464485273190852e-11,2.464485273190852e-11,0.0,174.89133677792475,2.3147878631491607e+21,8080625122.724971
62,2.169860032032379e-11,2.169860032032379e-11,0.0,21.022273242548142,4.606239131902454e+19,633378524.0351928
63,8.714454547465733,8.714454547465733,21.46845156394661,54.815731779514756,0.48584004482679816,3.5761411402995735
64,-1.0896953228051964e-11,1.0896953228051964e-11,0.0,179.41415969049115,1.5067531480866387e+20,18208109244.445206
65,-53.262504563507186,53.262504563507186,15.708174802638805,63.10537755580435,0.09904134438049188,8.394585681534789
66,-7.6763427374883975,7.6763427374883975,23.43834216148849,49.11575486719538,0.4406846486398691,3.0293867889863035
67,-44.143545849325214,44.143545849325214,32.84763339813836,38.88072742277774,0.07009387970414736,4.5041957705119176
68,20.346084047262888,20.346084047262888,7.80254584058741,79.75584086493654,1.0410831963385374,14.968856966432567
69,-2.1601745491983095,2.1601745491983095,20.875321254444096,8.162354376554632,0.5294660527904302,1.3059164050060335
70,-0.31524304619792876,0.31524304619792876,0.2043270869311355,89.7673725024856,4341.907248693822,158.3948264662908
71,3.68821596007194,3.68821596007194,7.877313637634138,78.831673079941,4.88058626784412,8.05258277270005
72,0.9518013225497064,0.9518013225497064,0.06397593549782657,89.91454254767542,2221.380457494212,618.8318788963447
73,199.4589154948938,199.4589154948938,5.253417463892771,84.64051334400831,0.4378082884179251,56.754852627324354
74,-7.025870970600362,7.025870970600362,39.206038526112955,29.151714511685967,0.3821006472890689,2.188272485449855
75,-6.369691433169289,6.369691433169289,3.697107049357147,82.27408080123271,2.2643283855870955,13.883868884951074
76,-12.77778883519097,12.77778883519097,0.21691459130453705,87.10361532855933,1.6967483051490142,46.84744240199882
77,-53.37296952548587,53.37296952548587,2.784684881697568,85.86380295755373,0.7605692274841763,51.4551377233118
78,56.496061557236,56.496061557236,12.650605605567396,70.02683340298005,0.13846408483203973,11.222646650423581
79,3.362121745134305,3.362121745134305,2.9578755698714536,85.54144849564595,11.036002409769372,19.08446707112532
80,1.265144130666602,1.265144130666602,0.6208325575652989,89.13014559019261,156.07877688482088,68.02557034602873
81,-8.547420296540743,8.547420296540743,7.576110347412954,77.32920964390732,1.2997185998057632,9.271358438877257
82,23.133764279226238,23.133764279226238,5.355165910517673,81.25437555188319,0.7501713008655274,18.927395501854786
83,3.970491250018332e-11,3.970491250018332e-11,8.537736462515939e-07,6.668923750995201,9.671430568605634e+20,8023723212.624579
84,11.464695510289841,11.464695510289841,9.21989736862191,75.7149332085138,1.0257707996244225,9.257758791547248
85,-3.3836661952612777,3.3836661952612777,7.488882426225316,78.1601476840773,3.9570915918084992,7.358611679606223
86,-4.562221669734717,4.562221669734717,1.1884066912881714,88.02235721193118,16.204493044305284,48.407967187922466
87,3.101364539517687e-11,3.101364539517687e-11,179.99999879258172,160.35551105661128,7.381587775438927e+20,17856118389.740833
88,22.966629762649625,22.966629762649625,5.04633857724892,83.06619555107426,1.5358976344776432,24.469948541288456
89,0.21694969222557814,0.21694969222557814,0.09414838804939132,89.90271418291996,44140.17223681153,343.8256866495974
90,-0.2949103960368369,0.2949103960368369,0.7022009873672832,89.27250957931658,8595.374214429043,52.619123260885566
91,-1.0904641364647145,1.0904641364647145,0.5755914748074485,89.05151343854726,151.53702888245,63.94328297785139
92,-1.5280143411200173,1.5280143411200173,2.4025696581078795,87.02788975402026,63.89796493072776,22.085699553827737
93,5.3772962008711795,5.3772962008711795,6.8952931960339505,80.43121755825547,3.7798366751197507,10.381782904052974
94,-4.350262195323608e-11,4.350262195323608e-11,180.0,7.9770845327466615,1.432258862609726e+21,92605732917.65346
95,28.36817857901767,28.36817857901767,9.720402286766555,74.88907336350027,0.36042969298736566,11.53512427167496
96,-0.31378419026120125,0.31378419026120125,0.1234094004160213,89.8818812143635,778.735813215648,350.542752634321
97,8.988202076305495,8.988202076305495,19.471692980641798,56.90793956154956,0.13954357121551372,3.7785158350882786
98,11.38201066173117,11.38201066173117,5.960375721762801,81.11094788875597,1.6563302438532612,14.378024341575145
99,0.7876729726569789,0.7876729726569789,0.644538692639915,88.9962011001507,201.91521749055593,52.66432347618962
100,11.441650653260997,11.441650653260997,14.463751274829264,66.10729197667818,0.540888182428571,5.592372168634896
101,-14.511699546734235,14.511699546734235,1.207231966877817,87.79855327100272,1.231698861091365,69.90254759155992
102,81.00947904836009,81.00947904836009,27.689758085552242,43.25593253171471,0.038222965422940854,5.962281512192829
103,-10.462918378818095,10.462918378818095,9.66718852170381,74.91255898968676,0.984095655224134,8.320756680147467
104,-12.6916939255361,12.6916939255361,8.104794787121469,76.83853542902234,0.9123372836852051,10.323503423533722
105,5.2140415836206227e-11,5.2140415836206227e-11,180.0,143.4152201507551,4.1055540463985466e+21,17374679982.76441
106,2.519409200205305,2.519409200205305,1.5024414154886552,87.81970627886862,33.555075567032674,35.768260321989985
107,-0.35635047056991426,0.35635047056991426,0.014633940949360947,89.94006457371307,3139.840043860516,616.9442482410556
108,-59.93237347103445,59.93237347103445,2.755355827969595,87.09108158920147,0.1689184827349299,77.0060711367307
109,5.637816833259738,5.637816833259738,1.7873026611342726,88.64321670619275,3.2406113114598596,75.52831201953208
110,-16.907501312292993,16.907501312292993,2.4397955014267048,86.60996734561678,3.0816881572626182,41.57406543326934
111,0.5943274348107198,0.5943274348107198,0.06217519653583361,89.94521617696732,10999.625504791324,679.0624193658074
112,-7.440196054595454e-11,7.440196054595454e-11,1.2074182697257333e-06,131.80247404791112,4.3437423273918034e+21,98364579774.60916
113,20.37290049380823,20.37290049380823,27.30953988242922,38.03345897609649,0.11682319946345839,3.4590010065855132
114,1.2144174200644147e-12,1.2144174200644147e-12,180.0,177.243827892335,1.8260033336981607e+21,9381728546.059381
115,-20.20022927331563,20.20022927331563,3.089625980788505,85.38828463957982,1.7751179658046388,33.32503825648814
116,6.714320058390716e-12,6.714320058390716e-12,0.0,175.08944295894506,2.8829101789784923e+21,13424446202.24355
117,-6.688661695885333,6.688661695885333,6.732534858345127,80.59872650692633,3.300071694018622,11.622973724202062
118,-67.359759532952,67.359759532952,10.843456272366842,73.91960542848206,0.13044255176097178,13.634321083979874
119,188.359696457295,188.359696457295,32.20107875739256,39.31095364414033,0.015945114385224057,7.313412379992724
120,1.274490259365652e-10,1.274490259365652e-10,0.0,143.01545832456765,1.4132913417074436e+20,16148205719.068165
121,-4.241905904277034,4.241905904277034,5.2155885562549,82.30108849432905,5.1712075329293175,11.88476047602964
122,-5.997940347249501,5.997940347249501,4.270732963745888,88.44673376841205,1.617404276999809,63.2639670377536
123,-90.40642512963879,90.40642512963879,9.518239620691551,75.38846123166408,0.13014007968539812,18.055623600223882
124,7.154317772375436,7.154317772375436,3.5225349178270964,84.57783970321137,3.995028775700178,20.004195500233614
125,4.022413396286119,4.022413396286119,25.701852549305222,34.60672869158611,0.5020564320704337,1.9324717757832606
126,-3.5873419995845324,3.5873419995845324,0.22614528600984923,89.71287035192948,220.10616423045334,293.6304712067486
127,19.670572192170003,19.670572192170003,24.39550742889915,55.82527658897798,0.32482264711246694,4.904534147920321
128,-16.117497143879408,16.117497143879408,3.008709831800032,85.1199473476043,1.9531553165721856,30.006003373314318
129,0.6991556487860914,0.6991556487860914,0.19630300068188133,89.7313936080618,820.7831456677142,171.71537259478424
130,17.926376291731565,17.926376291731565,20.94244689311151,63.609730064108774,0.6172997319438371,5.943265096352707
131,-24.506564526729353,24.506564526729353,18.387346100519213,48.467601912963865,0.10404318358562377,4.385606298405056
132,-0.0,0.0,180.0,90.0,4.164493478735798e+20,7410740334.657232
133,0.31547327094496774,0.31547327094496774,0.004460921141584991,89.99434335101748,694044.5860564667,8259.0244484883
134,-44.44418876459639,44.44418876459639,14.32583638620379,69.68902663414028,0.22583210160770203,10.335382036717153
135,-6.968938583117465,6.968938583117465,10.904238687520172,73.17866963236264,1.3661675898507748,6.558196361648048
136,59.78644618461372,59.78644618461372,9.809813612847018,8.237675111114088,0.017566474426236604,3.9539995576915077
137,2.8581040269399973,2.8581040269399973,3.373057846410204,80.24259464421131,3.1514611714840775,8.382271104323015
138,-3.3332268530078656e-11,3.3332268530078656e-11,0.0,151.61006008692246,6.558429018697757e+20,13870887637.304386
139,1.2365066640043132,1.2365066640043132,0.011353849908789015,86.87168396007141,14.800536176823194,19.714357000104435
140,-12.256322334632976,12.256322334632976,1.3059899196160432,88.60948049152546,27.205580115590596,89.40128203273109
141,-154.26781256953697,154.26781256953697,19.48766485870586,56.878915163946175,0.02662134862846062,9.706251928032312
142,2.9542992557485097,2.9542992557485097,2.0267053595564466,84.442850802327,2.539457211157906,14.61828963989041
143,-11.31582079855865,11.31582079855865,14.450224010236841,66.17024107340346,0.5357971240385041,5.532261659170401
144,2.384339660179734,2.384339660179734,4.018712907439696,84.31040406780015,13.9065946729561,13.341534549205491
145,-7.386440857983773,7.386440857983773,14.834854316478381,68.04823415628712,1.0400169834156852,5.129467650532759
146,19.02108045748836,19.02108045748836,11.813424210065026,70.88034776520338,0.4253889587096106,8.23747608743181
147,-23.617330030084478,23.617330030084478,20.7075528490367,49.02511783070193,0.12229268749514917,4.376338150030389
148,-7.774134093681552,7.774134093681552,23.671047327672685,62.6965586849477,2.0613385375906565,4.326702315129483
149,-0.9403216872961587,0.9403216872961587,0.4655836073888208,89.40971538289,444.15922112259693,93.12622356704968
150,135.35147376823767,135.35147376823767,16.361205814505528,10.417950292199341,0.008221602177737779,5.219011114033838
151,-14.752200121264215,14.752200121264215,22.29440013704732,55.04642975712482,0.3080513303892054,4.275244592181012
152,143.48970167860304,143.48970167860304,15.310177157923027,65.10626533971333,0.04426575874542431,12.694124908485687
153,-16.760867188396503,16.760867188396503,22.592268296181032,50.63713124701479,0.20834054973079122,4.0463841463858286
154,-3.0658968550552416e-11,3.0658968550552416e-11,0.0,145.97345775017914,3.249914585344129e+20,21796786376.7881
155,5.401517025989018,5.401517025989018,25.323410253617972,27.758981748424855,0.3082229474804076,1.9828098095633608
156,0.6288777903989098,0.6288777903989098,0.0551738310983937,89.94535874659381,4413.811039371717,647.4718043344166
157,-2.391650070969925,2.391650070969925,1.2954155258848405,88.05159615232864,38.53134713410713,39.97387321722607
158,0.9797529719295524,0.9797529719295524,21.537849455837588,62.97846507975542,10.703774844578485,2.1870003739617903
159,-5.133103348750286,5.133103348750286,10.66550105614151,75.58289020301609,3.13394741354109,7.01787082614944
160,-2.950053191050371,2.950053191050371,1.1764556256894765,85.96524147505681,6.799724105045954,20.38754844557541
161,-11.479182202549994,11.479182202549994,10.271555209487623,74.06593896128273,0.8888790228006821,8.2363489935079
162,-2.434316880315807e-11,2.434316880315807e-11,0.0,14.709283009764373,9.417374258564469e+20,26642890485.17146
163,-833.1244351294147,833.1244351294147,45.60788071364543,14.868436056955824,0.0026140828287702167,9.987362356509808
164,-2.5925305579183036,2.5925305579183036,26.305520390051864,44.28066694735485,1.1574514337575699,1.9171315481732698
165,-3.1084394936031113e-11,3.1084394936031113e-11,180.0,163.90559665949036,4.5598631222560476e+20,39767362896.639496
166,-6.6311985085422185,6.6311985085422185,1.3580166533499995,88.01109174249764,11.60528135991135,51.208134778158815
167,7.968624600940361,7.968624600940361,0.5264412122316553,89.35136954634565,44.83567808563207,166.63209385548873
168,12.67794994613035,12.67794994613035,19.412548649053598,50.19687928943635,0.22702628168876599,3.6474487263949475
169,-13.341223455907294,13.341223455907294,13.891310599160924,68.33462450992006,0.5602663230694337,6.448907124958116
170,7.6561760613817835,7.6561760613817835,14.588997610419426,67.92301362215669,0.996572383629156,5.234266698541942
171,0.43844279002752307,0.43844279002752307,3.0205165765841624,85.40956229405576,82.92596691103348,9.479629288817321
172,2.635160265069663,2.635160265069663,1.5304824002919544,87.83091695722129,40.95114283280811,38.39874896543608
173,12.746915341600575,12.746915341600575,28.11610614606897,38.1833719812352,0.1950487146297285,2.9712676296899647
174,-2.9530760752723734e-12,2.9530760752723734e-12,0.0,175.90306147543626,3.25726640134543e+20,14639635776.778862
175,-15.727917864812303,15.727917864812303,23.809128290343576,49.85307129167723,0.22782046813694495,3.897055236013977
176,13.57202231579748,13.57202231579748,0.42022985739025587,88.98884024542309,7.050543435289397,134.127841066939
177,-1.3949066146583815e-10,1.3949066146583815e-10,0.0,56.008092644235916,1.774715936186831e+21,74058915223.91158
178,-3.8006549056585763,3.8006549056585763,3.9798082583008028,83.43981492137786,5.762972311855406,13.584750132079824
179,6.650334842958128e-11,6.650334842958128e-11,0.0,16.205098353346017,1.9089620818485038e+21,85831846875.81232
180,-34.773794136664606,34.773794136664606,18.649246611047946,45.265092705205895,0.06535848484526398,4.641702561490212
181,-16.006037837005646,16.006037837005646,10.95736484406204,70.25351298981164,0.4071528811579,7.4461125557115775
182,-9.726137420173984,9.726137420173984,18.40688793613618,49.300213273484815,0.2718835026829365,3.278496264545483
183,-5.9834539811328815,5.9834539811328815,15.95897104885809,59.26996356701321,0.6566913538264234,3.5556793070423147
184,-6.318975247598611,6.318975247598611,26.721348648356365,31.912179600177478,0.3045239422068647,2.179320791051997
185,-5.470536361454829,5.470536361454829,10.988416695971045,72.47880257593863,1.576789096950406,5.812844414451219
186,-3.223292960558143,3.223292960558143,0.26220694960635504,89.27532680174059,50.93454915866088,138.47999188283893
187,30.130745741280258,30.130745741280258,37.26933483074155,66.97881457632371,0.03818199518539936,7.936880618073625
188,-14.322759833742976,14.322759833742976,14.15208598294691,70.08745085322244,0.7250685258386445,7.212175403909441
189,0.2102807628884823,0.2102807628884823,0.0030366276632803886,89.99399714440122,170265.038627199,7347.847288767899
190,-2.288249861760836,2.288249861760836,0.4265104728190108,89.2037274206539,63.074755357331846,91.68879135381624
191,-4.586434424532079,4.586434424532079,1.4406001459133668,87.07840114723115,7.952641630722392,31.623928107686123
192,0.6164617328495434,0.6164617328495434,2.842042859869779,85.66163482333316,62.44522342088785,11.270850138825288
193,-34.213358454508125,34.213358454508125,6.177572094910604,78.2431378983646,0.3010391250515815,15.942679692879231
194,1.3630039785653199,1.3630039785653199,5.782492768628456,82.54360860819159,26.12296070895953,8.61799363951322
195,-0.20076387121561332,0.20076387121561332,0.038339334224147266,89.94650560014308,16449.04346820438,602.4395444315783
196,-10.304701575839333,10.304701575839333,9.475746712938696,67.46521080277078,0.4315666143902012,5.693744286810544
197,4.007477126804984,4.007477126804984,0.6618649896433201,89.0475659088696,67.8880764167178,104.3155077753107
198,-1.2310795561295158e-10,1.2310795561295158e-10,180.0,141.62368205898656,3.6881638193204743e+21,40249239324.75356
199,-23.028461716229057,23.028461716229057,7.5153401722643665,6.678130026597742,0.04476717576416005,2.8646755546546796
200,6.856552778108457,6.856552778108457,9.662109691834228,77.10714259728239,2.8265185907721633,8.695529418768771
201,40.54044086380812,40.54044086380812,3.4816843425938826,84.04012239929467,0.5838970007982603,33.40561772670155
202,0.07175681656916118,0.07175681656916118,0.00424943274028545,89.9949463407328,7551085.544907809,5466.8604123687
203,-26.922362462774913,26.922362462774913,4.232921715534417,83.51193375478057,0.9840123859455209,26.90393072852975
204,40.723532182401414,40.723532182401414,29.196282052027453,29.401921444650064,0.04702928844221885,3.9466237028194024
205,-5.979364800658585,5.979364800658585,3.3239821440273047,85.18750195763089,5.7808579344698705,20.901655153550553
206,2.830833600261429,2.830833600261429,0.09458603970544323,89.59504141148675,68.46336169457965,207.71024744108868
207,4466.544828042652,4466.544828042652,0.0,8.537736462515939e-07,0.00016662866120156563,16.468620898478445
208,4.363508796803504,4.363508796803504,0.0021711304350852012,89.48780535191761,27.523332920224323,197.15119453862633
209,5.003425233810717,5.003425233810717,0.22194147902597466,89.16692567794958,11.068212808860565,120.58358348325213
210,8.213336822964258,8.213336822964258,4.658974110342717,82.1132810438708,2.2142948948600063,14.84648424156509
211,6.665766058930338,6.665766058930338,5.671580361729161,87.21018890683487,1.0419624167206771,41.393739838057634
212,0.3483142757246575,0.3483142757246575,0.40558894179699,89.50333886436019,1766.428600997391,80.83554924930813
213,6.800582957715023e-13,6.800582957715023e-13,0.0,0.15211644143196373,2.4188839553270622e+20,9988539280.518074
214,-244.79460800234813,244.79460800234813,21.37475686899535,19.413691381453194,0.005322491199101762,6.702602263024473
215,-11.402990664265221,11.402990664265221,19.848879920754175,58.00504123573778,0.41640869048945905,4.246851585619823
216,7.1502410049667535,7.1502410049667535,22.288307814301568,14.501530970617157,0.17441333306255344,1.9890791346017476
217,-25.930639828276288,25.930639828276288,18.501834670786387,60.69796860509163,0.20447205087679649,6.035923627000112
218,-0.776172599309343,0.776172599309343,16.996214119354406,65.04966379086773,9.398838631331369,2.1849340914960074
219,30.230417604798067,30.230417604798067,3.4190808725866058,84.7502165752756,1.0868276785833257,34.61580063412302
220,8.461027550421594,8.461027550421594,9.959519808381385,75.74106112690686,1.5308725984760099,8.200869263304735
221,-1.7161389323652576,1.7161389323652576,0.0200632739894,89.82512742017504,227.16229789043328,410.6763372656344
222,-26.308568660108993,26.308568660108993,15.683073070251407,56.22983624216203,0.12355963403816081,5.375409469578682
223,112.70066262318714,112.70066262318714,20.11529329071348,23.513286089270554,0.012086045191807096,5.257632514903871
224,4.727986818577259,4.727986818577259,1.5729341010691746,88.76853239403303,4.01624427471717,66.52646059131683
225,-3.9929681739947176,3.9929681739947176,2.8075239906595146,85.98708126911295,10.913712316605379,22.068941116780845
226,-1.0519407991441392,1.0519407991441392,0.3693040614228766,89.45772895609706,336.74876831305255,109.73020920615441
227,-4.773799567620613,4.773799567620613,3.0847221841919565,84.38497435723055,4.6910307487825795,17.120687250006153
228,-21.504360708133067,21.504360708133067,1.1888819029050113,88.23443193884054,4.294248338774881,88.07456975539841
229,6.378313357629237,6.378313357629237,8.202585200654038,78.36700689360522,2.760935865768229,9.33596085780602
230,-2.4476527461846103,2.4476527461846103,3.5033865828929343,84.73499334565763,12.939138576591185,14.554790932017823
231,36.18217076841023,36.18217076841023,21.314949241885447,24.442275203173775,0.039651877430478495,3.635827078609839
232,-0.03273738702530397,0.03273738702530397,0.011015182691997248,89.98877062737411,1471620.6118991703,1501.8227835271198
233,-1.4322863948118994e-11,1.4322863948118994e-11,0.0,3.5804521949120187,1.9476124323722345e+21,69281562519.57097
234,23.20595902629987,23.20595902629987,26.93450804489531,41.28998290211801,0.11866933295350096,3.8258612313278153
235,34.855020274749805,34.855020274749805,16.447042104821396,64.03868325124431,0.18178229941573004,7.581940460838772
236,435.3567462448526,435.3567462448526,27.286518816596494,42.222478893953664,0.00701038936790224,10.507269408125067
237,7.297906174840058,7.297906174840058,1.1485708025148404,88.68611698982276,52.57874287127714,85.63571586049842
238,-14.486848671442322,14.486848671442322,9.368492857293175,73.70474166276595,0.5757431769372219,8.709482414224182
239,-1.6052402252856135,1.6052402252856135,0.3197296575182414,89.38398679142554,116.20836754813833,107.0195789111793
240,1.495278994580557e-11,1.495278994580557e-11,180.0,5.056212492510441,2.540989711232001e+21,49260068989.671936
241,-9.636138918191785,9.636138918191785,5.881495582518015,80.78464544813515,1.8551514039324923,13.472378714587853
242,3.228977127885496e-11,3.228977127885496e-11,180.0,165.91165797319562,1.2419530019654987e+21,47050867767.8642
243,8.427087698865687,8.427087698865687,1.8564119763355258,87.51715206770623,9.427485162712648,45.24926697057874
244,-2.798930669978489,2.798930669978489,19.209769705423,63.41447493743251,2.715053828942361,3.1287896287929726
245,8.74342135266765,8.74342135266765,4.072928982924966,83.61930383988744,2.8019222209439767,18.44634693024883
246,83.88917573537587,83.88917573537587,2.5721522580891056,85.7042494845561,0.3956627674966991,58.406697035243965
247,5.102406882209897,5.102406882209897,1.2016942720197799,88.196460798195,18.213026727767087,54.25874406975996
248,-4.553469163184751e-11,4.553469163184751e-11,0.0,172.53546906298484,1.742502554847162e+20,3588045797.2364407
249,5.922116444414169,5.922116444414169,6.8253565242447305,78.1833912212372,1.9587882388528177,8.869053626870146
250,0.6501938270994567,0.6501938270994567,0.08847417992503717,89.91210924557093,28119.988297118383,541.8395239977036
251,-17.38629534800119,17.38629534800119,10.135797027373505,76.76814871387577,1.1515845535929121,11.517633634606684
252,1.2639550117145135,1.2639550117145135,0.675170452551969,89.02183477809075,142.61705578406688,62.38740688935827
253,-4.448518639268264,4.448518639268264,0.2244923951665383,89.52365905784563,66.60782922546996,225.51242047666543
254,29.080008616163195,29.080008616163195,4.204571378371172,84.48189334020608,1.5759263463667927,32.348961394042135
255,8.92134494269742,8.92134494269742,9.704505966722662,74.17394128894759,1.0393383808469139,7.572729957206202
256,15.487975983091507,15.487975983091507,0.43317771827154844,89.4894235093079,3.7148359221867624,253.8138823747609
257,2.9293827683141673,2.9293827683141673,2.0107730031096023,87.23502929999637,26.280142011123683,29.768281750325503
258,-3.583254012989045,3.583254012989045,5.5455599083222005,80.94925890283308,4.5009905602428555,9.675041124111045
259,-3.0332864444327328,3.0332864444327328,0.21227337724364645,88.82591755438975,14.886534302438143,78.49702480077684
260,-16.110921164916917,16.110921164916917,22.72698266254637,55.73362287759729,0.2950393026866035,4.418065676131242
261,-1.830512335795559e-11,1.830512335795559e-11,1.2074182697257333e-06,175.37927696301662,6.993341693060081e+20,37514901525.103935
262,-3.9742745000202335,3.9742745000202335,1.8839358819196843,86.09698710125511,7.528579087748787,23.90577654922567
263,-6.903953216468869,6.903953216468869,11.454624194161678,73.9566003288416,1.7720745334816828,6.848572019382472
264,-9.536184648322864,9.536184648322864,0.9112214003261995,88.60612032195762,10.973470381983597,83.30089925667117
265,-166.232082023279,166.232082023279,45.69192394269032,37.73152017178862,0.1842752764024202,7.45971457892027
266,8.078027799469547,8.078027799469547,5.541139500882121,83.130884175531,5.265526809543075,16.729960829730892
267,-58.18221164863953,58.18221164863953,18.77710927603402,60.58371695831976,0.08866574865919405,7.765850056026555
268,-3.2123114267727493,3.2123114267727493,1.8702271922983729,87.15010574794782,20.975695326907115,31.086067253056072
269,3.0540731017208604,3.0540731017208604,0.2798700479557151,89.46631177768884,75.7429850789618,157.57476397457066
270,-13.905189889965543,13.905189889965543,15.291590336030744,48.71375581061187,0.16518790830740904,3.658350198552854
271,-19.24282641875865,19.24282641875865,4.691276704591789,82.60215546328102,1.1597706531063292,21.20748432815988
272,34.040655068734466,34.040655068734466,7.044714381155411,79.38900803042883,0.46487839475193227,17.507919110107736
273,0.03611664510041115,0.03611664510041115,0.01561651463656596,89.98105195438363,1308835.0753497954,1125.4095044592723
274,-2.502902813142472,2.502902813142472,1.556352414216798,87.73480370837467,33.40983940340865,34.71364459249287
275,1.1576545467374588,1.1576545467374588,0.06765454987301875,89.91545981070915,1681.4590492816,619.6486199656194
276,17.380741612584597,17.380741612584597,8.80749006907037,76.53185662341512,0.6741238866940119,10.935809469177414
277,25.052312805744613,25.052312805744613,9.537982454917179,76.17820509261557,0.6427901726687775,12.915514293025955
278,0.21408741690658195,0.21408741690658195,0.4093456338900265,89.5749325789908,23070.6041995888,81.42613688652929
279,3.972848550156213,3.972848550156213,6.571082232453837,84.57494311657942,1.2322355994201275,17.424540115198504
280,397.39818785279823,397.39818785279823,17.141046633716723,15.928362012202921,0.00293370427807148,7.639782523364527
281,-2.60077651953463,2.60077651953463,0.4950375285134001,89.30648959931881,95.73476501729068,108.66031788228256
282,25.73797542150542,25.73797542150542,7.454127804893768,77.66973409486094,0.46359543841967515,13.90249958436133
283,1.4267778729115552,1.4267778729115552,0.1725560712283133,89.79017005555013,2119.5157195648962,336.822364237871
284,0.7542277287591725,0.7542277287591725,0.20850176218939903,89.68398455941805,816.2666031201821,172.94505546445066
285,0.6257069308945644,0.6257069308945644,0.18527405611897796,89.72415350377719,871.8083999517871,168.80634006387723
286,-0.6242220067742786,0.6242220067742786,1.1480265740682372,88.82666038641352,2267.5154307996213,41.203311955379036
287,-10.896487829227231,10.896487829227231,19.188388182823388,61.18855009134174,0.560896903822646,4.630700122155736
288,-12.030103387397178,12.030103387397178,8.120407472034762,78.60478569656898,1.304420675082932,11.229688050538368
289,-55.462210407452666,55.462210407452666,27.505669726551933,46.04457263147994,0.060847302626505624,5.421753428350084
290,4.455402370956847,4.455402370956847,20.36899501844208,60.30741359139086,1.4188714505542415,3.3446976859433764
291,-14.423348828924622,14.423348828924622,6.382906393608577,3.117749599750052,0.07032786734160835,2.4383769494721794
292,59.664810715848255,59.664810715848255,22.269825079379853,55.97455200693775,0.08045375302549129,6.938747815994714
293,-5.951529868056869,5.951529868056869,2.0816797348210994,87.27206821414278,19.289227380943903,40.24672314057976
294,5.165841300304644e-11,5.165841300304644e-11,180.0,177.31994466379555,6.343013228969953e+20,64673469823.29119
295,-7.53349145881001,7.53349145881001,4.56371844687699,83.1264828873418,3.2048571458300694,16.229894128822792
296,-0.9377575894364942,0.9377575894364942,3.299445672665428,85.18997664679262,39.8657804136964,11.619469196740619
297,-28.840765604352804,28.840765604352804,18.86674589598939,61.04321533808899,0.18766291076513328,6.226976342378776
298,21.73192967100565,21.73192967100565,18.47386851850299,56.79694507129667,0.18135323029059577,5.100542010051095
299,2.838600512775559e-11,2.838600512775559e-11,180.0,148.67161017570393,7.266057247876594e+19,1109756975.2904313
300,3.4097620592315643,3.4097620592315643,0.1087430948596805,89.77304430962666,83.34930967055556,277.8785574574519
301,9.109636570350768,9.109636570350768,8.152543103332818,79.03174339141741,2.136016686548014,10.849706685471883
302,0.0,0.0,0.0,90.0,7.341070189777411e+19,35399677418.5024
303,4.748205382807089,4.748205382807089,21.368251977110376,56.62503772890087,0.9963610374702644,3.039570866563542
304,-0.4180992077896641,0.4180992077896641,0.041794523350027236,89.92577089828531,9484.184627625411,761.7432320757802
305,-10.389993515971803,10.389993515971803,1.7832792242312343,87.6643559344214,8.753613956535023,51.82258957264964
306,1.7472530596118057,1.7472530596118057,0.024290440661812882,89.69588481146153,125.90243201607869,242.35531710659134
307,52.2502875357008,52.2502875357008,4.801183017442569,82.92894082074966,0.43616169373531755,29.358746170869104
308,2.771485800386796e-10,2.771485800386796e-10,0.0,100.74829436182011,1.6914515141681312e+22,340495180267.2406
309,-3.87506357844638,3.87506357844638,7.315930956864992,79.85357694365935,4.91457982328763,8.762904452003196
310,-2.6320028598233276,2.6320028598233276,1.4394160581822955,87.88879483572262,28.257679441627673,35.80740958194832
311,-3.3885470018326322,3.3885470018326322,2.7982099610857705,86.56418275595,32.67112815557145,25.968969632580517
312,-0.08360864911433877,0.08360864911433877,179.97360017248852,89.97353905895827,37946488.16616772,949.6621178844625
313,0.6979382651898789,0.6979382651898789,0.07810538723253861,89.82582246683383,336.48457931175585,306.4086174505414
314,19.059982558833532,19.059982558833532,9.905289309361931,70.94690089607045,0.32989350840613013,8.18232945288914
315,-7.285264518026094,7.285264518026094,2.147287980502868,82.55308162980775,1.4837987373774992,14.94082388081947
316,3.449741483884666,3.449741483884666,0.9142457069563447,84.36731173841282,3.591224805762015,15.64021450323037
317,8.981195181358249,8.981195181358249,13.286993126732618,70.08476328933841,0.9253493963631528,6.020749472022134
318,-6.150968881757405,6.150968881757405,38.48658715949052,27.774068267946987,0.4001830989394063,2.066477898562513
319,17.931243778785817,17.931243778785817,3.7261389826824662,88.28553570140949,0.5773904271202435,82.57861584405303
320,-9.152293637261682,9.152293637261682,3.5552165593179894,88.31997068237783,1.1438021401798937,62.23907420476106
321,9.226398281173182,9.226398281173182,2.7005017353599725,85.91341272319406,5.071196049347714,30.63994879514384
322,20.569579690283792,20.569579690283792,22.50650710779912,33.89816966777614,0.08810106930614522,3.305757309575732
323,2.807141664192867,2.807141664192867,1.0751898754462779,88.78858655265262,149.55844570900015,66.7105575097418
324,-3.8159508610761543,3.8159508610761543,0.08468503315104434,89.63773785389309,52.563382827038424,241.7667502729011
325,16.15498367808729,16.15498367808729,2.501501218484663,87.71509743407749,0.7338196243687162,61.99304222411002
326,-4.809232731754897e-11,4.809232731754897e-11,0.0,17.329344664351733,2.022091188710022e+20,11882562161.776634
327,-5.295837861113025,5.295837861113025,37.38590616515508,47.21952298458324,1.9945831566603383,2.564551397402651
328,0.5035758533927367,0.5035758533927367,0.2853681503482042,89.55234335585469,679.7484067870126,100.68305006587434
329,0.3322076266009447,0.3322076266009447,3.076216700692609,86.45496049107504,356.86522156191756,11.155299982226198
330,1.2307078401436926,1.2307078401436926,0.13300153624606062,89.85832790979964,1032.8624393527193,344.80304131530676
331,-4.905166622288593,4.905166622288593,0.2374530859658688,89.47547612932134,49.18400866982621,204.9771881209477
332,-27.99388974448171,27.99388974448171,23.772020712334026,23.23994846599272,0.05214043371074171,3.299489212863299
333,-20.76955493709234,20.76955493709234,10.434281878433822,75.31357143559953,0.7320772099042246,11.20214272427711
334,-1.0126456124500247,1.0126456124500247,0.7260182224221294,89.18038885462853,428.5851828040455,67.05841871173698
335,1.7910021016188058,1.7910021016188058,1.7514721622011988,87.4751145901781,41.68720557579818,27.6323402095933
336,-12.620287094935293,12.620287094935293,3.8931249427081265,84.07420774025711,2.4896901736243717,23.372739618669147
337,6.168078431986746,6.168078431986746,1.7947357446087444,87.61148912196559,19.706573599478325,46.38094037139724
338,-11.536482931970378,11.536482931970378,4.506383880153965,87.38355131863239,0.7026019190139222,50.196786845368344
339,10.986015337899532,10.986015337899532,11.969759064548763,73.74898183552756,1.1304409572435057,7.78697938245142
340,-0.04022075098770133,0.04022075098770133,179.96300691121644,89.96327737868009,3068807.837631306,537.4063871485408
341,-1.9249345586071571,1.9249345586071571,0.4762426565048791,89.39565455185317,124.66207947160693,99.68491872037642
342,3.0059881010484775,3.0059881010484775,0.6716808429003452,88.85118797762229,40.40523908101571,72.32281788715397
343,-4.566734667220153,4.566734667220153,4.0035385137568165,83.62027378484927,5.242440422229208,14.889735023162222
344,-12.477020523694726,12.477020523694726,18.966938019587488,61.900604963409556,0.5175795042469354,4.960949567826814
345,17.72968599999105,17.72968599999105,7.878255312349928,79.85896299889043,1.514894310218603,14.998589062775503
346,10.925173149297123,10.925173149297123,18.34351822035644,63.85648672016643,0.7036781321740985,5.095334507852584
347,0.9498910130121095,0.9498910130121095,0.09250437714883988,89.75799749370819,543.8246909619542,276.87873266654555
348,-51.0710497473446,51.0710497473446,23.20803122560481,49.511414102204135,0.06704580324513666,5.750716619066958
349,0.30766671923676525,0.30766671923676525,0.16802467586943484,89.76660058586323,3566.104640158749,175.6207727738836
350,-0.9236380148907772,0.9236380148907772,0.19344655564405466,89.65550678587962,414.89582961600485,162.69775234303683
351,7.90348616531423,7.90348616531423,2.2802537349086465,84.98507099277681,2.649460426645043,22.775376138234183
352,22.154719664026803,22.154719664026803,26.949488328615168,24.59662184367716,0.07278283909286345,3.0922932833375016
353,-18.018978655347183,18.018978655347183,0.012550957437092176,89.17370407972219,4.511244549415348,209.38615070158207
354,-49.46366021347238,49.46366021347238,13.769023076546373,67.054517469292,0.1297575227121535,9.500647610784041
355,-8.647225717390453,8.647225717390453,0.7743312951553112,88.99266508817483,30.258118532688865,118.39997070365393
356,-7.911786364616906e-11,7.911786364616906e-11,0.0,54.30658464924247,5.535040409859693e+21,33569499438.160767
357,7.871906931129689,7.871906931129689,5.840428518382941,81.26868227569096,2.6179201933769036,13.269799999136525
358,17.74016630536444,17.74016630536444,15.617293248148922,68.95170431288612,0.6180166317366121,7.327539790155181
359,17.14416301355244,17.14416301355244,10.325353192330377,6.338738938993066,0.060932722147112005,2.5955079412114332
360,0.28102878375031054,0.28102878375031054,7.0433051020903,82.21472094643772,277.4471713613622,4.839835770418632
361,-8.019390637514231,8.019390637514231,3.6648348955526013,84.45860755705041,3.9698461042978748,21.017823350083244
362,-8.72422873329159,8.72422873329159,5.215661500094093,82.64333647021473,2.8531719973415552,15.734363187527746
363,6.468089564301811,6.468089564301811,16.48265937216857,14.617011566030259,0.1805802625829218,1.9256326582317593
364,2.633115125496174,2.633115125496174,3.9014743208405087,84.0832579543928,10.919752737120932,13.446074767344449
365,-2.415822745034534,2.415822745034534,1.5015150674959186,87.94235074287981,49.66120817099822,38.85363788497937
366,-34.77846593105046,34.77846593105046,7.388133764255618,78.96942865136047,0.43514416430650166,16.840298333682394
367,0.47463651782424715,0.47463651782424715,0.14329334301825594,89.76529974671163,1217.8089488425994,184.36526959777171
368,-0.5512486576758807,0.5512486576758807,1.3562271693812553,89.7283817175796,64.77143843327062,188.91971602161306
369,7.799519069356608,7.799519069356608,7.706516838479169,77.10141672786332,1.3517980629140027,8.71805811963676
370,2.2390982754001173e-11,2.2390982754001173e-11,180.0,175.27925901100286,8.623787378424187e+20,13976957996.199785
371,-4.107130578828195,4.107130578828195,5.814218839020299,80.51444256629904,3.801475562677665,9.7166894568183
372,2.217283859339311,2.217283859339311,1.2423197763440834,88.35423658231609,54.79156534656976,43.59795595004623
373,5.70856857393536e-12,5.70856857393536e-12,179.99999879258172,178.51985800192705,9.068109496743092e+19,7430561868.979775
374,4.38429859605563e-11,4.38429859605563e-11,179.99999914622634,105.62572465278589,3817459129.0212197,27183.200211408366
375,6.915728124459319e-12,6.915728124459319e-12,179.99999914622634,178.7639916883878,47520475038.24818,338440.44949756574
376,49.758995643574515,49.758995643574515,16.767989590950055,64.63054875475014,0.1264372939485818,8.418734720390669
377,-15.753501368926203,15.753501368926203,21.77633185916394,24.819092966851063,0.09239084851182872,2.762149952797817
378,-31.862036949749253,31.862036949749253,19.214969002728843,10.702830893670914,0.036409389125152535,3.234256131351735
379,18.7063661543262,18.7063661543262,6.454755859965074,80.2866252612751,1.001716512029527,16.061022698926394
380,4.594364608869007,4.594364608869007,9.886211033158853,74.60362556124736,2.2966135547159467,6.290326498490602
381,-14.053429305587409,14.053429305587409,28.687009001429317,39.24327228497914,0.18956981022710007,3.117078861580213
382,0.013040653987685911,0.013040653987685911,0.003656491053958584,89.99567693426805,7634636.643478503,3186.7320352000916
383,9.49383607333858,9.49383607333858,8.34789759074239,77.33790289196546,1.3761802934760263,9.603827655324569
384,2.989875649074048,2.989875649074048,8.627805885222612,77.48600173902362,4.715963740254937,6.555657859266302
385,-19.46800059106907,19.46800059106907,16.63443759241394,63.984451805427824,0.30463173807811156,6.063149535564417
386,-23.692309694888245,23.692309694888245,27.79135848479566,37.40611337353458,0.10059550680703644,3.6157115506361457
387,-27.451015597096685,27.451015597096685,32.920239333757706,22.93988075672469,0.0636642604043878,3.258764704487897
388,4.590270652075603,4.590270652075603,12.30859407079775,87.90018754474558,0.8732957871173275,44.57521933446291
389,-20.657832319930105,20.657832319930105,14.129952268871891,65.33821183984837,0.2702240275239966,6.630964549237102
390,-0.8440868579207736,0.8440868579207736,1.174491681667683,88.40891224930024,149.81653851173405,33.273772360394226
391,-21.724818330459822,21.724818330459822,0.15017462566689113,88.8668890393602,2.2700031387495248,158.0340109117472
392,3.7231419369190135,3.7231419369190135,2.4224785628383283,86.37163937022883,12.460030747554304,24.295118628643568
393,-326.42589818357425,326.42589818357425,20.22975847568994,56.12805946690409,0.013239208738928702,12.475031434255483
394,514.2109097547905,514.2109097547905,3.711411558752693,2.6752182911765297,0.0019099249867177753,8.085416239862683
395,-19.183772558467822,19.183772558467822,63.73727616828261,77.92329517118696,0.0537427991104433,12.731663925911427
396,-4.505337044656963,4.505337044656963,1.3813936747021636,85.13547078210001,3.696954157312414,19.642444567024807
397,1.3375373446598006e-11,1.3375373446598006e-11,0.0,3.5531541754105898,6.023500503656805e+19,18500710008.681995
398,-20.211423948841585,20.211423948841585,11.10252157769587,65.88963194425232,0.21789179563238883,6.638294038070453
399,-37.36975502953959,37.36975502953959,21.458969630601224,53.42092534613796,0.09994984423500552,5.558856532640436
400,-7.724579332208681,7.724579332208681,4.566901967705772,82.68638195351583,2.7887844699495106,15.712818129086239
401,24.968905672708818,24.968905672708818,6.0580403959896625,80.21798139984816,0.6296171096217548,17.338518069386662
402,4.948750516054209,4.948750516054209,19.813193806273638,62.42302748241666,1.495750610587172,3.6810351327386814
403,14.072990778882238,14.072990778882238,13.040088362975176,70.43674323160542,0.6402614613428539,7.264338279054867
404,-10.957451128218228,10.957451128218228,2.3646182309361343,88.56648434265163,1.3981682755059066,92.3728725823857
405,1.251062107415823,1.251062107415823,2.456228298985336,86.71376958768266,55.80456646096827,18.850281197590608
406,-13.3896804025614,13.3896804025614,5.959390895834971,82.27035251819761,2.0318042246557284,16.92411212817368
407,0.7917095756592444,0.7917095756592444,0.011442061235499252,89.82732960871905,304.4439432465743,234.25413073719014
408,8.839723798812809,8.839723798812809,15.945278631534842,57.47467302848556,0.39681118365817597,3.8474017708960755
409,8.059875483753963,8.059875483753963,0.01800768855607002,89.72906270854205,23.060754900306158,352.0926888179815
410,14.263134256202097,14.263134256202097,5.1771405146228595,82.85557094358059,1.783431490383289,18.75433141145193
411,-617.301426486951,617.301426486951,0.0,0.0,0.0013945250105331574,8.514629599486456
412,-3.0109297672376664e-11,3.0109297672376664e-11,180.0,177.61064160365072,1.230562870466201e+21,70962539767.83722
413,10.04988908106788,10.04988908106788,4.665994588707796,83.76608192992336,3.2278060161041444,19.26244815274771
414,26.71397000468013,26.71397000468013,8.539322998512331,78.50776904020756,0.6457384984931952,14.54318865528573
415,-6.162691293967054,6.162691293967054,8.886599742764156,77.04232666859006,2.176622228385152,8.051867166512674
416,-1.2973598908644504,1.2973598908644504,2.052622808842678,87.6375398296249,149.48770390942812,26.62089797988969
417,6.966017927163142e-11,6.966017927163142e-11,0.0,10.372340270240448,1.1228272921219375e+21,16581733049.209694
418,-2.668852265900083e-11,2.668852265900083e-11,180.0,155.97971047029108,2.3853595751755815e+20,5038138088.991752
419,20.801465439092077,20.801465439092077,33.40765543719196,23.812026618392245,0.09091774139905064,3.0273893259946605
420,-9.3878441552049,9.3878441552049,0.09862923325430327,71.82233293407191,0.3447523460945165,6.864534334893314
421,0.14796160722192958,0.14796160722192958,0.5828255452829161,89.12787378026765,1344.8236648382401,34.803140940970835
422,1.0952604199724081e-11,1.0952604199724081e-11,180.0,149.00181332761716,6.553986050794344e+20,44239833504.65416
423,4.183014902609413,4.183014902609413,0.6352212100839378,88.52895427511098,15.111996739089173,59.89052331813982
424,-1.8906525073475278,1.8906525073475278,1.083058771577277,87.49546082090093,21.677324616249134,28.562926403177734
425,-10.524772814313659,10.524772814313659,23.523181481474307,50.836180347397246,0.3592504078935848,3.493089645321618
426,-16.11489477029512,16.11489477029512,8.797668624562885,4.737242461590742,0.06382132308450106,2.53455403612889
427,0.0,0.0,180.0,90.0,1.5722107227434863e+21,21864212361.65202
428,-8.913542957403221,8.913542957403221,11.683108194500234,65.66536264129539,0.5115832457923286,5.028835822650244
429,10.216214826975754,10.216214826975754,13.828111378822664,69.57533464947056,0.8898489314086189,6.301073323978128
430,-8.484771841039835,8.484771841039835,1.666271625193224,87.27048309299609,6.506993952497758,43.23233174193122
431,-96.2930846634021,96.2930846634021,23.477804726720823,28.687244704980582,0.016997448184386813,5.240448297877494
432,6.8045094426486346,6.8045094426486346,11.01306099965723,75.17573963857015,2.0681391067523056,7.280041159923718
433,-40.863081771777324,40.863081771777324,4.92242543104115,82.36909610264384,0.5153176957926012,25.893280345786312
434,2.265107364337138,2.265107364337138,0.0627545955784137,89.93498930333321,1285.3465811290964,912.8071766776724
435,-1.4094810535012358e-10,1.4094810535012358e-10,0.0,147.35941964204227,2.099825858654076e+21,45922467522.4768
436,7.554690276073417e-11,7.554690276073417e-11,8.537736462515939e-07,173.98244503884544,1.420723293387535e+22,64734767354.300255
437,-4.073672940296299,4.073672940296299,0.7311929904644234,89.0300823556721,52.774487296138965,91.72168579295202
438,-12.295972389398862,12.295972389398862,5.241446164353867,82.90955379835162,2.331708414568596,18.314077030925663
439,10.589819643450648,10.589819643450648,0.70459404024598,88.95680475917929,19.31099842241222,127.7730561431432
440,1.8278532080511827,1.8278532080511827,1.498806021092395,88.1829695297494,91.91601821138198,38.08310077738675
441,1.9871074558955755,1.9871074558955755,13.16355374334145,75.13836897643759,18.08596733640855,4.935316243558531
442,-1.3958712884884716,1.3958712884884716,0.7684621554672422,88.83359613447797,105.1896170937181,55.26759456111213
443,8.937868199652353,8.937868199652353,24.15576414003893,52.04673964917239,0.4847247333463044,3.409268405801325
444,-58.99852259873999,58.99852259873999,9.711822236590324,9.712136743048525,0.017976310517986926,3.9504417688300713
445,-20.221350227472957,20.221350227472957,10.51771856607973,74.13881903388487,0.5006696689979698,9.774856616722666
446,-0.7607875102359521,0.7607875102359521,0.13059047844707336,89.82007727939565,1336.3610446653547,279.78774669558317
447,-4.773286159122186e-12,4.773286159122186e-12,0.0,177.6366205297387,7.857761335101097e+21,45582488443.87863
448,1.476141368861425,1.476141368861425,0.08685429935876322,89.80541830195381,118.13582863792892,269.90650981045087
449,6.190471829326979,6.190471829326979,0.6230376123890484,88.99683475189434,25.283390137230423,106.36731728214131
450,6.432346863961285,6.432346863961285,11.307867180560047,69.75739982457414,1.0078731326888895,5.390781299920692
451,2.260761438122188,2.260761438122188,0.2901959308617873,89.63634493944653,276.42164328191825,196.9171185579895
452,3.8479928176829032,3.8479928176829032,0.121889985229459,89.81190794101529,223.9846853541396,476.647643858792
453,14.874758136661754,14.874758136661754,28.506915078199192,27.520966750493596,0.11964350231253575,2.768044898368651
454,1.9719897292374977,1.9719897292374977,0.06884051514242644,89.56644813037724,54.459062117841235,154.62308685328213
455,-18.49292989630944,18.49292989630944,5.748922212112376,81.93613617331332,1.583424910938946,19.722381632734034
456,17.5895649422093,17.5895649422093,5.420343474240297,78.19187045121889,0.5213885252665225,12.846159503455912
457,-3.5935967819063094e-11,3.5935967819063094e-11,180.0,8.04766118175261,5.0447844065440884e+20,8686597895.909512
458,0.9337980560532976,0.9337980560532976,8.602790493947682,79.79318031905063,38.826715275442425,5.528506170080084
459,0.21987689576578298,0.21987689576578298,0.020419584372754228,89.9768250434136,122476.35111019768,1533.757748784574
460,-0.5227403591355747,0.5227403591355747,0.2914145179293569,89.77274686569018,215.14852616665738,211.68343346432937
461,9.116236057727042,9.116236057727042,4.725156071791482,83.12000186188311,2.7990308608012957,17.212377192877977
462,5.480890864492091,5.480890864492091,22.90579996305805,55.21623776820084,0.9020495870836839,3.1070039278284622
463,9.082311042833256,9.082311042833256,2.5390264271134044,86.93190704953838,10.577256247957662,38.145025432744205
464,24.834639186347708,24.834639186347708,18.95171330247635,64.20569201048117,0.3233454065127528,6.630681085691521
465,-2.2246188052106977,2.2246188052106977,0.039335663789930364,89.95286854474935,1363.8607543408305,1284.7066023745597
466,6.498763672888804,6.498763672888804,7.820106211070126,75.05778914601179,1.2246434708523932,7.19240530673268
467,2.3300271110494606,2.3300271110494606,1.0787636498887803,88.29022164680603,38.48892814385273,44.22860687782146
468,6.820081198427336,6.820081198427336,10.61115008835129,75.9293087075882,2.2255584183125414,7.631696324053896
469,-30.831385392566748,30.831385392566748,28.809782382579016,38.317255388356244,0.08366866298201797,4.000314825784723
470,2.62940677625941,2.62940677625941,2.8752448338980745,85.91211253640004,17.72241170898474,19.281799194614337
471,20.566093265239886,20.566093265239886,3.400091520461726,86.08255280052931,3.448771313179,37.33959893316234
472,29.84054276611404,29.84054276611404,17.1336537633641,54.89487798540832,0.10831381132667306,5.3878570347134795
473,-5.309751516077242,5.309751516077242,0.13113291480461972,89.45893590888019,18.843278668094793,142.03293324462402
474,16.60695757597495,16.60695757597495,14.843029828107287,67.0378100392165,0.40871876398771473,6.446922583671363
475,-47.132099125423395,47.132099125423395,17.456827130863942,40.38936936175325,0.0398043067998538,4.73938049089074
476,-7.334094096480344,7.334094096480344,1.4035682850288154,88.81848899460434,3.0137589525640296,93.59367771042147
477,2.5277081238158186,2.5277081238158186,1.5448526964721856,87.6054932527981,27.732567931996726,33.04972292816551
478,4.432352776740781e-12,4.432352776740781e-12,0.0,2.1584270059481825,7.692139980374934e+21,107589723417.92735
479,7.122959426720228,7.122959426720228,2.572507520220286,86.52989054057018,8.136898119426371,30.976845938828333
480,-12.926593219404623,12.926593219404623,0.8918156036155197,0.42695936155320907,0.07737648579292611,2.347038557204226
481,-1.1600737301826072,1.1600737301826072,0.29243999976426527,89.52035963166936,329.16334809469737,136.05748523026125
482,-11.492529403621715,11.492529403621715,25.050184788881374,50.24833908126543,0.34955899003962776,3.550843272419145
483,44.293574068773836,44.293574068773836,27.766405889638776,29.450157110156507,0.04163321876469995,4.061358051544596
484,5.704415156913946e-11,5.704415156913946e-11,0.0,6.793595506068883,2.976430350431869e+20,2146594512.7108414
485,1.5116328966164687e-12,1.5116328966164687e-12,180.0,178.94747769353734,2.8209286639313764e+21,61528738070.20007
486,-73.39736411856057,73.39736411856057,7.794928073517254,72.29325891982892,0.08032499546325861,13.878865352133284
487,22.185931731308635,22.185931731308635,22.504363038655242,51.79078851427156,0.16900356287431187,4.568166371389642
488,12.314829798549935,12.314829798549935,3.3777742454909334,85.25629880008835,3.0097252594607946,26.905758903102573
489,0.7736268103485884,0.7736268103485884,0.008362966908751993,89.79513814603972,384.487433754142,285.4531788653847
490,8.956401126236356,8.956401126236356,0.07666096339616628,89.41354207891867,8.889184415908455,185.05151480587492
491,48.17042657191906,48.17042657191906,28.14495824868631,22.78895030985211,0.03294119539112642,3.947594119277146
492,66.00306925283746,66.00306925283746,21.82597621162446,32.37003392784651,0.025782059829071082,4.776336864342789
493,-1.4107685093390372,1.4107685093390372,0.4102092839055494,89.54364302766714,1179.4029896618918,144.52152878413347
494,-5.817134689173745e-11,5.817134689173745e-11,0.0,3.977333499158759,1.2221564469821888e+21,25784092650.22967
495,19.493904210758206,19.493904210758206,0.6719066050909732,89.11238684199255,2.0115912656279713,195.36039089145714
496,24.262094859972017,24.262094859972017,27.01410996581912,18.304785862588552,0.05795826441074999,3.0385902993522897
497,26.78345990987778,26.78345990987778,28.29492116494273,39.512801720300196,0.10035020070981444,3.8985387527066875
498,3.877865739212907,3.877865739212907,0.4213537096241336,89.30722817197876,13.130255842296352,127.87049186437284
499,-12.34008633552401,12.34008633552401,10.249327056902525,75.56887511045953,1.0693353533558436,9.17052885935426
500,11.933863174127511,11.933863174127511,26.839991282628223,19.623634636582747,0.12142019211768568,2.42467750682743
501,-1.8204321841794917,1.8204321841794917,0.742496929622915,89.18250938280386,330.43730983365816,83.51236562532743
502,-0.05366123365754819,0.05366123365754819,179.97797937030967,89.97847699001298,5270081.62628398,990.5140947296433
503,5.531350202936187,5.531350202936187,2.2349947494030693,86.17126028105646,6.600650448496593,26.653767343367274
504,-0.8414966501528852,0.8414966501528852,0.16930823991691438,89.73735862479873,949.2500305299385,224.418597893198
505,-39.5200359055487,39.5200359055487,30.05124913399048,31.030260739866165,0.05269302694724778,3.9881597739213257
506,1.92120038675609,1.92120038675609,0.710564582624169,88.78275619703761,59.2218733104692,58.66881796955433
507,-8.034359315356986e-11,8.034359315356986e-11,180.0,22.138813963458034,7.01538846991975e+21,52456256107.01749
508,-5.118003082934926,5.118003082934926,1.0381590920112522,88.41911456076228,25.34126121383928,66.7266631536432
509,41.90792795334027,41.90792795334027,30.13345793984726,33.114005721083565,0.05315192844090213,4.150818402592957
510,51.898003979506036,51.898003979506036,8.986986030765799,86.32399359387466,0.08886448662543586,60.50227696017472
511,-1.0469604667379526,1.0469604667379526,0.10739616298177909,89.73497456993402,496.73415684835635,267.4075319878211
